{"version": "1", "message": "ERROR: Hidden Testcases server unreachable.", "problem_id": "ads2_m16_a1_1", "user_id": "shravyamutyapu", "score": {"sample": {"0": {"execution_time": 0.30977344512939453, "passed": true}, "1": {"execution_time": 0.31927990913391113, "passed": true}, "2": {"execution_time": 1.1021451950073242, "passed": true}, "3": {"execution_time": 1.1086885929107666, "passed": true}, "4": {"execution_time": 1.0549826622009277, "passed": true}, "5": {"execution_time": 1.1204791069030762, "passed": true}, "6": {"execution_time": 1.0640079975128174, "passed": true}, "7": {"execution_time": 1.2620887756347656, "passed": true}, "8": {"execution_time": 0.37495970726013184, "passed": true}, "9": {"execution_time": 1.0545830726623535, "passed": true}, "10": {"execution_time": 1.0566394329071045, "passed": true}, "11": {"execution_time": 2.465693950653076, "passed": true}, "12": {"execution_time": 1.5358920097351074, "passed": true}, "13": {"execution_time": 0.32114100456237793, "passed": true}, "14": {"execution_time": 1.1779403686523438, "passed": true}, "15": {"execution_time": 1.059128999710083, "passed": true}, "16": {"execution_time": 0.36885833740234375, "passed": true}, "17": {"execution_time": 0.363980770111084, "passed": true}, "18": {"execution_time": 0.3788721561431885, "passed": true}, "19": {"execution_time": 0.38788652420043945, "passed": true}, "20": {"execution_time": 0.47278380393981934, "passed": true}, "21": {"execution_time": 0.3704531192779541, "passed": true}, "22": {"execution_time": 0.373065710067749, "passed": true}, "23": {"execution_time": 0.3877542018890381, "passed": true}, "24": {"execution_time": 0.23859047889709473, "passed": true}, "25": {"execution_time": 1.2826082706451416, "passed": true}, "26": {"execution_time": 1.1392226219177246, "passed": true}, "27": {"execution_time": 1.2939214706420898, "passed": true}, "28": {"execution_time": 2.782238245010376, "passed": true}, "29": {"execution_time": 0.17856478691101074, "passed": true}}}, "check_style_score": "0/1"}