{"version": "1", "message": "ERROR: Hidden Testcases server unreachable.", "problem_id": "ads2_m16_a1_1", "user_id": "shravyamutyapu", "score": {"sample": {"0": {"execution_time": 0.34439992904663086, "passed": false}, "1": {"execution_time": 0.5296692848205566, "passed": false}, "2": {"execution_time": 1.455798864364624, "passed": true}, "3": {"execution_time": 1.3966679573059082, "passed": true}, "4": {"execution_time": 1.40403413772583, "passed": false}, "5": {"execution_time": 1.168203353881836, "passed": false}, "6": {"execution_time": 1.3872442245483398, "passed": false}, "7": {"execution_time": 1.2655613422393799, "passed": true}, "8": {"execution_time": 0.49171876907348633, "passed": false}, "9": {"execution_time": 1.1932158470153809, "passed": true}, "10": {"execution_time": 1.394606113433838, "passed": false}, "11": {"execution_time": 0.46793532371520996, "passed": true}, "12": {"execution_time": 1.426809549331665, "passed": false}, "13": {"execution_time": 0.3254358768463135, "passed": true}, "14": {"execution_time": 1.1493310928344727, "passed": true}, "15": {"execution_time": 1.4965953826904297, "passed": false}, "16": {"execution_time": 0.45420360565185547, "passed": true}, "17": {"execution_time": 0.4543628692626953, "passed": true}, "18": {"execution_time": 0.5014896392822266, "passed": true}, "19": {"execution_time": 0.5094969272613525, "passed": false}, "20": {"execution_time": 0.45386409759521484, "passed": true}, "21": {"execution_time": 0.5107824802398682, "passed": true}, "22": {"execution_time": 0.45285916328430176, "passed": false}, "23": {"execution_time": 0.5895853042602539, "passed": false}, "24": {"execution_time": 0.3258528709411621, "passed": true}, "25": {"execution_time": 1.3934800624847412, "passed": false}, "26": {"execution_time": 1.151092290878296, "passed": false}, "27": {"execution_time": 1.3510046005249023, "passed": false}, "28": {"execution_time": 2.908600091934204, "passed": false}, "29": {"execution_time": 0.338301420211792, "passed": true}}}, "check_style_score": "0/1"}