{"version": "1", "message": "ERROR: Hidden Testcases server unreachable.", "problem_id": "ads2_m16_a1_1", "user_id": "shravyamutyapu", "score": {"sample": {"0": {"execution_time": 0.41188716888427734, "passed": true}, "1": {"execution_time": 0.32174205780029297, "passed": true}, "2": {"execution_time": 1.304030179977417, "passed": true}, "3": {"execution_time": 1.3934276103973389, "passed": true}, "4": {"execution_time": 1.1282477378845215, "passed": true}, "5": {"execution_time": 1.0903058052062988, "passed": true}, "6": {"execution_time": 1.5359439849853516, "passed": true}, "7": {"execution_time": 1.5080080032348633, "passed": true}, "8": {"execution_time": 0.4719820022583008, "passed": true}, "9": {"execution_time": 1.2104768753051758, "passed": true}, "10": {"execution_time": 1.066066026687622, "passed": true}, "11": {"execution_time": 2.5379536151885986, "passed": true}, "12": {"execution_time": 1.0768582820892334, "passed": true}, "13": {"execution_time": 0.31943535804748535, "passed": true}, "14": {"execution_time": 1.326070785522461, "passed": true}, "15": {"execution_time": 1.0604443550109863, "passed": true}, "16": {"execution_time": 0.3891878128051758, "passed": true}, "17": {"execution_time": 0.37929511070251465, "passed": true}, "18": {"execution_time": 0.3842153549194336, "passed": true}, "19": {"execution_time": 0.3857405185699463, "passed": true}, "20": {"execution_time": 0.3997023105621338, "passed": true}, "21": {"execution_time": 0.37076234817504883, "passed": true}, "22": {"execution_time": 0.371232271194458, "passed": true}, "23": {"execution_time": 0.3780031204223633, "passed": true}, "24": {"execution_time": 0.28040313720703125, "passed": true}, "25": {"execution_time": 1.2721550464630127, "passed": true}, "26": {"execution_time": 1.082932710647583, "passed": true}, "27": {"execution_time": 1.3685526847839355, "passed": true}, "28": {"execution_time": 2.9467175006866455, "passed": true}, "29": {"execution_time": 0.18783211708068848, "passed": true}}}, "check_style_score": "0/1"}