{"version": "1", "message": "ERROR: Hidden Testcases server unreachable.", "problem_id": "ads2_m16_a1_1", "user_id": "shravyamutyapu", "score": {"sample": {"0": {"execution_time": 0.9026615619659424, "passed": true}, "1": {"execution_time": 0.3173489570617676, "passed": true}, "2": {"execution_time": 1.5896737575531006, "passed": true}, "3": {"execution_time": 1.1070599555969238, "passed": true}, "4": {"execution_time": 1.167503833770752, "passed": true}, "5": {"execution_time": 1.1207149028778076, "passed": true}, "6": {"execution_time": 1.1223785877227783, "passed": true}, "7": {"execution_time": 1.1299126148223877, "passed": true}, "8": {"execution_time": 0.48171472549438477, "passed": true}, "9": {"execution_time": 1.092214584350586, "passed": true}, "10": {"execution_time": 1.1127936840057373, "passed": true}, "11": {"execution_time": 2.8270864486694336, "passed": true}, "12": {"execution_time": 1.0988197326660156, "passed": true}, "13": {"execution_time": 0.3105003833770752, "passed": true}, "14": {"execution_time": 1.5129926204681396, "passed": true}, "15": {"execution_time": 1.5169436931610107, "passed": true}, "16": {"execution_time": 0.4384732246398926, "passed": true}, "17": {"execution_time": 0.433596134185791, "passed": true}, "18": {"execution_time": 0.383497953414917, "passed": true}, "19": {"execution_time": 0.4496181011199951, "passed": true}, "20": {"execution_time": 0.41713666915893555, "passed": true}, "21": {"execution_time": 0.37422633171081543, "passed": true}, "22": {"execution_time": 0.37612009048461914, "passed": true}, "23": {"execution_time": 0.3901839256286621, "passed": true}, "24": {"execution_time": 0.4634408950805664, "passed": true}, "25": {"execution_time": 1.3498733043670654, "passed": true}, "26": {"execution_time": 1.1911389827728271, "passed": true}, "27": {"execution_time": 1.4656622409820557, "passed": true}, "28": {"execution_time": 3.04866623878479, "passed": true}, "29": {"execution_time": 0.2583951950073242, "passed": true}}}, "check_style_score": "0/1"}