{"version": "1", "message": "ERROR: Hidden Testcases server unreachable.", "problem_id": "ads2_m16_a1_1", "user_id": "shravyamutyapu", "score": {"sample": {"0": {"execution_time": 0.357593297958374, "passed": false}, "1": {"execution_time": 0.36507678031921387, "passed": false}, "2": {"execution_time": 1.5470328330993652, "passed": false}, "3": {"execution_time": 1.5095901489257812, "passed": false}, "4": {"execution_time": 1.5908410549163818, "passed": false}, "5": {"execution_time": 1.375133991241455, "passed": false}, "6": {"execution_time": 1.524101734161377, "passed": false}, "7": {"execution_time": 1.5845370292663574, "passed": false}, "8": {"execution_time": 0.4708883762359619, "passed": false}, "9": {"execution_time": 1.4769260883331299, "passed": false}, "10": {"execution_time": 1.4438931941986084, "passed": false}, "11": {"execution_time": 0.27756476402282715, "passed": false}, "12": {"execution_time": 1.3991479873657227, "passed": false}, "13": {"execution_time": 0.49390697479248047, "passed": true}, "14": {"execution_time": 1.5827891826629639, "passed": false}, "15": {"execution_time": 1.3604133129119873, "passed": false}, "16": {"execution_time": 0.6594362258911133, "passed": false}, "17": {"execution_time": 0.7623424530029297, "passed": false}, "18": {"execution_time": 0.44710826873779297, "passed": false}, "19": {"execution_time": 0.446685791015625, "passed": false}, "20": {"execution_time": 0.47484827041625977, "passed": false}, "21": {"execution_time": 0.5906612873077393, "passed": false}, "22": {"execution_time": 0.4906909465789795, "passed": false}, "23": {"execution_time": 0.4390716552734375, "passed": false}, "24": {"execution_time": 0.2999000549316406, "passed": true}, "25": {"execution_time": 1.5448846817016602, "passed": false}, "26": {"execution_time": 1.1249198913574219, "passed": false}, "27": {"execution_time": 1.630805253982544, "passed": false}, "28": {"execution_time": 2.935119152069092, "passed": false}, "29": {"execution_time": 0.28183507919311523, "passed": true}}}, "check_style_score": "0/1"}