{"version": "1", "message": "ERROR: Hidden Testcases server unreachable.", "problem_id": "ads2_m16_a1_1", "user_id": "shravyamutyapu", "score": {"sample": {"0": {"execution_time": 0.6839091777801514, "passed": false}, "1": {"execution_time": 0.3780550956726074, "passed": false}, "2": {"execution_time": 0.4539186954498291, "passed": false}, "3": {"execution_time": 0.44281768798828125, "passed": false}, "4": {"execution_time": 0.4473285675048828, "passed": false}, "5": {"execution_time": 0.4757571220397949, "passed": false}, "6": {"execution_time": 0.44989871978759766, "passed": false}, "7": {"execution_time": 0.47731637954711914, "passed": false}, "8": {"execution_time": 0.3027815818786621, "passed": false}, "9": {"execution_time": 0.45049047470092773, "passed": false}, "10": {"execution_time": 0.4504053592681885, "passed": false}, "11": {"execution_time": 0.3041872978210449, "passed": false}, "12": {"execution_time": 0.4454672336578369, "passed": false}, "13": {"execution_time": 0.25196337699890137, "passed": true}, "14": {"execution_time": 0.4250524044036865, "passed": false}, "15": {"execution_time": 0.43783044815063477, "passed": false}, "16": {"execution_time": 0.30133891105651855, "passed": false}, "17": {"execution_time": 0.2765352725982666, "passed": false}, "18": {"execution_time": 0.284975528717041, "passed": false}, "19": {"execution_time": 0.286848783493042, "passed": false}, "20": {"execution_time": 0.28776979446411133, "passed": false}, "21": {"execution_time": 0.26965951919555664, "passed": false}, "22": {"execution_time": 0.2705388069152832, "passed": false}, "23": {"execution_time": 0.2844526767730713, "passed": false}, "24": {"execution_time": 0.22095727920532227, "passed": true}, "25": {"execution_time": 0.43358540534973145, "passed": false}, "26": {"execution_time": 0.3923642635345459, "passed": false}, "27": {"execution_time": 0.45390796661376953, "passed": false}, "28": {"execution_time": 0.5637688636779785, "passed": false}, "29": {"execution_time": 0.4328765869140625, "passed": false}}}, "check_style_score": "0/1"}