{"version": "1", "message": "ERROR: Hidden Testcases server unreachable.", "problem_id": "ads2_m16_a1_1", "user_id": "shravyamutyapu", "score": {"sample": {"0": {"execution_time": 0.7410194873809814, "passed": false}, "1": {"execution_time": 0.5114560127258301, "passed": false}, "2": {"execution_time": 2.0675270557403564, "passed": false}, "3": {"execution_time": 1.9717562198638916, "passed": false}, "4": {"execution_time": 1.795706033706665, "passed": false}, "5": {"execution_time": 2.1183791160583496, "passed": false}, "6": {"execution_time": 2.7047650814056396, "passed": false}, "7": {"execution_time": 1.6851186752319336, "passed": false}, "8": {"execution_time": 0.8083498477935791, "passed": false}, "9": {"execution_time": 1.7558343410491943, "passed": false}, "10": {"execution_time": 1.7223374843597412, "passed": false}, "11": {"execution_time": 0.3421142101287842, "passed": false}, "12": {"execution_time": 1.3355984687805176, "passed": false}, "13": {"execution_time": 0.3312535285949707, "passed": true}, "14": {"execution_time": 1.3544845581054688, "passed": false}, "15": {"execution_time": 1.2032339572906494, "passed": false}, "16": {"execution_time": 0.4419515132904053, "passed": false}, "17": {"execution_time": 0.4405672550201416, "passed": false}, "18": {"execution_time": 0.43384361267089844, "passed": false}, "19": {"execution_time": 0.4585750102996826, "passed": false}, "20": {"execution_time": 0.44505882263183594, "passed": false}, "21": {"execution_time": 0.751662015914917, "passed": false}, "22": {"execution_time": 0.434384822845459, "passed": false}, "23": {"execution_time": 0.4466719627380371, "passed": false}, "24": {"execution_time": 0.31056761741638184, "passed": true}, "25": {"execution_time": 1.367765188217163, "passed": false}, "26": {"execution_time": 1.072819709777832, "passed": false}, "27": {"execution_time": 1.380014419555664, "passed": false}, "28": {"execution_time": 2.821577310562134, "passed": false}, "29": {"execution_time": 0.22259020805358887, "passed": true}}}, "check_style_score": "0/1"}