{"version": "1", "message": "ERROR: Hidden Testcases server unreachable.", "problem_id": "ads2_m16_a1_1", "user_id": "shravyamutyapu", "score": {"sample": {"0": {"execution_time": 0.38360071182250977, "passed": false}, "1": {"execution_time": 0.3504486083984375, "passed": false}, "2": {"execution_time": 1.3509230613708496, "passed": false}, "3": {"execution_time": 1.4927194118499756, "passed": false}, "4": {"execution_time": 1.3811137676239014, "passed": false}, "5": {"execution_time": 1.5286900997161865, "passed": false}, "6": {"execution_time": 1.4801979064941406, "passed": false}, "7": {"execution_time": 1.502654790878296, "passed": false}, "8": {"execution_time": 0.628704309463501, "passed": false}, "9": {"execution_time": 1.3599164485931396, "passed": false}, "10": {"execution_time": 1.3447108268737793, "passed": false}, "11": {"execution_time": 0.5986776351928711, "passed": false}, "12": {"execution_time": 1.5196034908294678, "passed": false}, "13": {"execution_time": 0.30904126167297363, "passed": true}, "14": {"execution_time": 1.3457581996917725, "passed": false}, "15": {"execution_time": 1.471921443939209, "passed": false}, "16": {"execution_time": 0.5902433395385742, "passed": false}, "17": {"execution_time": 0.43088340759277344, "passed": false}, "18": {"execution_time": 0.4423525333404541, "passed": false}, "19": {"execution_time": 0.5988731384277344, "passed": false}, "20": {"execution_time": 0.4249269962310791, "passed": false}, "21": {"execution_time": 0.47518324851989746, "passed": false}, "22": {"execution_time": 0.4173295497894287, "passed": false}, "23": {"execution_time": 0.6224143505096436, "passed": false}, "24": {"execution_time": 0.4780275821685791, "passed": true}, "25": {"execution_time": 1.4869270324707031, "passed": false}, "26": {"execution_time": 1.175246238708496, "passed": false}, "27": {"execution_time": 1.35935378074646, "passed": false}, "28": {"execution_time": 2.859999418258667, "passed": false}, "29": {"execution_time": 0.2371044158935547, "passed": true}}}, "check_style_score": "0/1"}