{"version": "1", "message": "ERROR: Hidden Testcases server unreachable.", "problem_id": "ads2_m16_a1_1", "user_id": "shravyamutyapu", "score": {"sample": {"0": {"execution_time": 0.377988338470459, "passed": true}, "1": {"execution_time": 0.3839728832244873, "passed": true}, "2": {"execution_time": 1.1599702835083008, "passed": true}, "3": {"execution_time": 1.1506991386413574, "passed": true}, "4": {"execution_time": 1.134141445159912, "passed": true}, "5": {"execution_time": 1.118990421295166, "passed": true}, "6": {"execution_time": 1.1073188781738281, "passed": true}, "7": {"execution_time": 1.120682954788208, "passed": true}, "8": {"execution_time": 0.39511942863464355, "passed": true}, "9": {"execution_time": 1.3347630500793457, "passed": true}, "10": {"execution_time": 1.1056170463562012, "passed": true}, "11": {"execution_time": 2.570690870285034, "passed": true}, "12": {"execution_time": 1.351661205291748, "passed": true}, "13": {"execution_time": 0.26183009147644043, "passed": true}, "14": {"execution_time": 1.1311306953430176, "passed": true}, "15": {"execution_time": 1.136948585510254, "passed": true}, "16": {"execution_time": 0.3859081268310547, "passed": true}, "17": {"execution_time": 0.41202497482299805, "passed": true}, "18": {"execution_time": 0.4026374816894531, "passed": true}, "19": {"execution_time": 0.4834449291229248, "passed": true}, "20": {"execution_time": 0.6833550930023193, "passed": true}, "21": {"execution_time": 0.5899977684020996, "passed": true}, "22": {"execution_time": 0.3847990036010742, "passed": true}, "23": {"execution_time": 0.4010965824127197, "passed": true}, "24": {"execution_time": 0.24355387687683105, "passed": true}, "25": {"execution_time": 1.3042922019958496, "passed": true}, "26": {"execution_time": 1.0015745162963867, "passed": true}, "27": {"execution_time": 1.5977215766906738, "passed": true}, "28": {"execution_time": 3.0782663822174072, "passed": true}, "29": {"execution_time": 0.23142623901367188, "passed": true}}}, "check_style_score": "0/1"}