{"version": "1", "message": "ERROR: Hidden Testcases server unreachable.", "problem_id": "ads2_m2_a1_1", "user_id": "shravyamutyapu", "score": {"sample": {"0": {"execution_time": 0.6799688339233398, "passed": false}, "1": {"execution_time": 0.24746942520141602, "passed": false}, "2": {"execution_time": 0.3327751159667969, "passed": false}, "3": {"execution_time": 0.2647266387939453, "passed": true}, "4": {"execution_time": 0.26030516624450684, "passed": false}, "5": {"execution_time": 0.281221866607666, "passed": false}, "6": {"execution_time": 0.21165752410888672, "passed": false}, "7": {"execution_time": 0.31568002700805664, "passed": false}, "8": {"execution_time": 0.26604247093200684, "passed": false}, "9": {"execution_time": 0.26865148544311523, "passed": false}, "10": {"execution_time": 0.2962520122528076, "passed": false}, "11": {"execution_time": 0.22060513496398926, "passed": false}, "12": {"execution_time": 0.3346560001373291, "passed": false}, "13": {"execution_time": 0.2830832004547119, "passed": false}, "14": {"execution_time": 0.3758676052093506, "passed": false}, "15": {"execution_time": 0.2944366931915283, "passed": false}, "16": {"execution_time": 0.32466721534729004, "passed": false}, "17": {"execution_time": 0.3141007423400879, "passed": false}, "18": {"execution_time": 0.28769755363464355, "passed": false}, "19": {"execution_time": 0.30678701400756836, "passed": false}, "20": {"execution_time": 0.328106164932251, "passed": false}, "21": {"execution_time": 0.33986496925354004, "passed": false}, "22": {"execution_time": 0.37997889518737793, "passed": false}, "23": {"execution_time": 0.3316781520843506, "passed": false}}}, "check_style_score": "0/1"}