{"version": "1", "message": "ERROR: Hidden Testcases server unreachable.", "problem_id": "ads2_m6_a1_1", "user_id": "shravyamutyapu", "score": {"sample": {"0": {"execution_time": 0.2202010154724121, "passed": false}, "1": {"execution_time": 0.22001004219055176, "passed": false}, "2": {"execution_time": 0.2190389633178711, "passed": false}, "3": {"execution_time": 0.21712017059326172, "passed": false}, "4": {"execution_time": 0.21555471420288086, "passed": false}, "5": {"execution_time": 0.2213289737701416, "passed": false}, "6": {"execution_time": 0.2197573184967041, "passed": false}, "7": {"execution_time": 0.2234039306640625, "passed": false}, "8": {"execution_time": 0.22240710258483887, "passed": false}, "9": {"execution_time": 0.4029223918914795, "passed": false}, "10": {"execution_time": 0.3201446533203125, "passed": false}, "11": {"execution_time": 0.32712626457214355, "passed": false}}}, "check_style_score": "0/1"}