{"version": "1", "message": "ERROR: Hidden Testcases server unreachable.", "problem_id": "ads2_m6_a1_1", "user_id": "shravyamutyapu", "score": {"sample": {"0": {"execution_time": 0.22036385536193848, "passed": false}, "1": {"execution_time": 0.22420692443847656, "passed": false}, "2": {"execution_time": 0.21877551078796387, "passed": false}, "3": {"execution_time": 0.21805977821350098, "passed": false}, "4": {"execution_time": 0.2263941764831543, "passed": false}, "5": {"execution_time": 0.25052571296691895, "passed": false}, "6": {"execution_time": 0.23011183738708496, "passed": false}, "7": {"execution_time": 0.22140836715698242, "passed": false}, "8": {"execution_time": 0.23732757568359375, "passed": false}, "9": {"execution_time": 0.22739124298095703, "passed": false}, "10": {"execution_time": 0.23772788047790527, "passed": false}, "11": {"execution_time": 0.2509183883666992, "passed": false}}}, "check_style_score": "0/1"}