{"version": "1", "message": "ERROR: Hidden Testcases server unreachable.", "problem_id": "ads2_m6_a1_1", "user_id": "shravyamutyapu", "score": {"sample": {"0": {"execution_time": 0.1892533302307129, "passed": false}, "1": {"execution_time": 0.17926931381225586, "passed": false}, "2": {"execution_time": 0.1874983310699463, "passed": false}, "3": {"execution_time": 0.1788043975830078, "passed": false}, "4": {"execution_time": 0.18819546699523926, "passed": false}, "5": {"execution_time": 0.18314456939697266, "passed": false}, "6": {"execution_time": 0.1846771240234375, "passed": false}, "7": {"execution_time": 0.18038487434387207, "passed": false}, "8": {"execution_time": 0.21955132484436035, "passed": false}, "9": {"execution_time": 0.1794750690460205, "passed": false}, "10": {"execution_time": 0.2219986915588379, "passed": false}, "11": {"execution_time": 0.18128204345703125, "passed": false}}}, "check_style_score": "0/1"}