{"version": "1", "message": "ERROR: Hidden Testcases server unreachable.", "problem_id": "ads2_m6_a1_1", "user_id": "shravyamutyapu", "score": {"sample": {"0": {"execution_time": 0.22635793685913086, "passed": false}, "1": {"execution_time": 0.22232580184936523, "passed": false}, "2": {"execution_time": 0.22680044174194336, "passed": false}, "3": {"execution_time": 0.22641944885253906, "passed": false}, "4": {"execution_time": 0.22155380249023438, "passed": false}, "5": {"execution_time": 0.23053216934204102, "passed": false}, "6": {"execution_time": 0.22243762016296387, "passed": false}, "7": {"execution_time": 0.22420787811279297, "passed": false}, "8": {"execution_time": 0.22046756744384766, "passed": false}, "9": {"execution_time": 0.22140932083129883, "passed": false}, "10": {"execution_time": 0.2185828685760498, "passed": false}, "11": {"execution_time": 0.22173452377319336, "passed": false}}}, "check_style_score": "0/1"}