{"version": "1", "message": "ERROR: Hidden Testcases server unreachable.", "problem_id": "ads2_m6_a1_1", "user_id": "shravyamutyapu", "score": {"sample": {"0": {"execution_time": 0.21956276893615723, "passed": false}, "1": {"execution_time": 0.22581696510314941, "passed": false}, "2": {"execution_time": 0.2224435806274414, "passed": false}, "3": {"execution_time": 0.22435712814331055, "passed": false}, "4": {"execution_time": 0.2192249298095703, "passed": false}, "5": {"execution_time": 0.2192227840423584, "passed": false}, "6": {"execution_time": 0.22147560119628906, "passed": false}, "7": {"execution_time": 0.21824026107788086, "passed": false}, "8": {"execution_time": 0.21892428398132324, "passed": false}, "9": {"execution_time": 0.22101283073425293, "passed": false}, "10": {"execution_time": 0.22145915031433105, "passed": false}, "11": {"execution_time": 0.22218084335327148, "passed": false}}}, "check_style_score": "1/1"}