{"version": "1", "message": "ERROR: Hidden Testcases server unreachable.", "problem_id": "ads2_m6_a1_1", "user_id": "shravyamutyapu", "score": {"sample": {"0": {"execution_time": 0.4553520679473877, "passed": false}, "1": {"execution_time": 0.20964264869689941, "passed": false}, "2": {"execution_time": 0.17794537544250488, "passed": false}, "3": {"execution_time": 0.17995214462280273, "passed": false}, "4": {"execution_time": 0.18453669548034668, "passed": false}, "5": {"execution_time": 0.1874997615814209, "passed": false}, "6": {"execution_time": 0.19028282165527344, "passed": false}, "7": {"execution_time": 0.18450546264648438, "passed": false}, "8": {"execution_time": 0.1893165111541748, "passed": false}, "9": {"execution_time": 0.18874382972717285, "passed": false}, "10": {"execution_time": 0.1842784881591797, "passed": false}, "11": {"execution_time": 0.1906113624572754, "passed": false}}}, "check_style_score": "0/1"}