{"version": "1", "message": "ERROR: Hidden Testcases server unreachable.", "problem_id": "ads2_m6_a1_1", "user_id": "shravyamutyapu", "score": {"sample": {"0": {"execution_time": 0.21555471420288086, "passed": false}, "1": {"execution_time": 0.21729016304016113, "passed": false}, "2": {"execution_time": 0.2184460163116455, "passed": false}, "3": {"execution_time": 0.2249898910522461, "passed": false}, "4": {"execution_time": 0.22042608261108398, "passed": false}, "5": {"execution_time": 0.22064828872680664, "passed": false}, "6": {"execution_time": 0.21941471099853516, "passed": false}, "7": {"execution_time": 0.21845555305480957, "passed": false}, "8": {"execution_time": 0.21782135963439941, "passed": false}, "9": {"execution_time": 0.22284865379333496, "passed": false}, "10": {"execution_time": 0.22112154960632324, "passed": false}, "11": {"execution_time": 0.27515459060668945, "passed": false}}}, "check_style_score": "0/1"}