{"version": "1", "message": "ERROR: Hidden Testcases server unreachable.", "problem_id": "ads2_m4_a1_1", "user_id": "shravyamutyapu", "score": {"sample": {"0": {"execution_time": 0.2647852897644043, "passed": true}, "1": {"execution_time": 0.25583887100219727, "passed": true}, "2": {"execution_time": 0.32035160064697266, "passed": true}, "3": {"execution_time": 0.3087294101715088, "passed": true}, "4": {"execution_time": 0.2318129539489746, "passed": true}, "5": {"execution_time": 0.2337636947631836, "passed": true}, "6": {"execution_time": 0.23201513290405273, "passed": true}, "7": {"execution_time": 0.23719429969787598, "passed": true}, "8": {"execution_time": 0.25441932678222656, "passed": true}, "9": {"execution_time": 0.20844221115112305, "passed": true}, "10": {"execution_time": 0.20639443397521973, "passed": true}, "11": {"execution_time": 0.21080827713012695, "passed": true}, "12": {"execution_time": 0.20949912071228027, "passed": true}, "13": {"execution_time": 1.2376339435577393, "passed": true}, "14": {"execution_time": 0.20653343200683594, "passed": true}}}, "check_style_score": "0/1"}