{"version": "1", "message": "ERROR: Hidden Testcases server unreachable.", "problem_id": "ads2_m4_a1_1", "user_id": "shravyamutyapu", "score": {"sample": {"0": {"execution_time": 0.2398369312286377, "passed": true}, "1": {"execution_time": 0.25424718856811523, "passed": true}, "2": {"execution_time": 0.2824559211730957, "passed": true}, "3": {"execution_time": 0.294217586517334, "passed": true}, "4": {"execution_time": 0.23561811447143555, "passed": true}, "5": {"execution_time": 0.22910809516906738, "passed": true}, "6": {"execution_time": 0.2224419116973877, "passed": true}, "7": {"execution_time": 0.29026222229003906, "passed": true}, "8": {"execution_time": 0.25800609588623047, "passed": true}, "9": {"execution_time": 0.20397281646728516, "passed": true}, "10": {"execution_time": 0.1968708038330078, "passed": true}, "11": {"execution_time": 0.20223522186279297, "passed": true}, "12": {"execution_time": 0.20302200317382812, "passed": true}, "13": {"execution_time": 1.239476203918457, "passed": true}, "14": {"execution_time": 0.20996403694152832, "passed": true}}}, "check_style_score": "0/1"}