{"version": "1", "message": "ERROR: Hidden Testcases server unreachable.", "problem_id": "ads2_m4_a1_1", "user_id": "shravyamutyapu", "score": {"sample": {"0": {"execution_time": 0.3532872200012207, "passed": true}, "1": {"execution_time": 0.2813882827758789, "passed": true}, "2": {"execution_time": 0.3424825668334961, "passed": true}, "3": {"execution_time": 0.3887159824371338, "passed": true}, "4": {"execution_time": 0.28163957595825195, "passed": true}, "5": {"execution_time": 0.2842576503753662, "passed": true}, "6": {"execution_time": 0.2633974552154541, "passed": true}, "7": {"execution_time": 0.283477783203125, "passed": true}, "8": {"execution_time": 0.294389009475708, "passed": true}, "9": {"execution_time": 0.260303258895874, "passed": true}, "10": {"execution_time": 0.30121350288391113, "passed": true}, "11": {"execution_time": 0.2505815029144287, "passed": true}, "12": {"execution_time": 0.2436068058013916, "passed": true}, "13": {"execution_time": 1.2821009159088135, "passed": true}, "14": {"execution_time": 0.27556705474853516, "passed": true}}}, "check_style_score": "0/1"}