{"version": "1", "message": "ERROR: Hidden Testcases server unreachable.", "problem_id": "ads2_m4_a1_1", "user_id": "shravyamutyapu", "score": {"sample": {"0": {"execution_time": 0.2843208312988281, "passed": true}, "1": {"execution_time": 0.31653928756713867, "passed": true}, "2": {"execution_time": 0.316068172454834, "passed": true}, "3": {"execution_time": 0.33733201026916504, "passed": true}, "4": {"execution_time": 0.26688718795776367, "passed": true}, "5": {"execution_time": 0.2599668502807617, "passed": true}, "6": {"execution_time": 0.28562259674072266, "passed": true}, "7": {"execution_time": 0.2733039855957031, "passed": true}, "8": {"execution_time": 0.2931976318359375, "passed": true}, "9": {"execution_time": 0.2983372211456299, "passed": true}, "10": {"execution_time": 0.24132943153381348, "passed": true}, "11": {"execution_time": 0.24135541915893555, "passed": true}, "12": {"execution_time": 0.2520260810852051, "passed": true}, "13": {"execution_time": 1.2627434730529785, "passed": true}, "14": {"execution_time": 0.28279948234558105, "passed": true}}}, "check_style_score": "0/1"}