{"version": "1", "message": "ERROR: Hidden Testcases server unreachable.", "problem_id": "ads2_m4_a1_1", "user_id": "shravyamutyapu", "score": {"sample": {"0": {"execution_time": 0.2535402774810791, "passed": true}, "1": {"execution_time": 0.2483370304107666, "passed": true}, "2": {"execution_time": 0.28810834884643555, "passed": true}, "3": {"execution_time": 0.30666112899780273, "passed": true}, "4": {"execution_time": 0.23440814018249512, "passed": true}, "5": {"execution_time": 0.23308587074279785, "passed": true}, "6": {"execution_time": 0.22979736328125, "passed": true}, "7": {"execution_time": 0.23418021202087402, "passed": true}, "8": {"execution_time": 0.32224321365356445, "passed": true}, "9": {"execution_time": 0.21445202827453613, "passed": true}, "10": {"execution_time": 0.20888233184814453, "passed": true}, "11": {"execution_time": 0.21143817901611328, "passed": true}, "12": {"execution_time": 0.2513716220855713, "passed": true}, "13": {"execution_time": 1.3882272243499756, "passed": true}, "14": {"execution_time": 0.2552347183227539, "passed": true}}}, "check_style_score": "1/1"}