{"version": "1", "message": "ERROR: Hidden Testcases server unreachable.", "problem_id": "ads2_m4_a1_1", "user_id": "shravyamutyapu", "score": {"sample": {"0": {"execution_time": 0.25025057792663574, "passed": true}, "1": {"execution_time": 0.2433924674987793, "passed": true}, "2": {"execution_time": 0.285325288772583, "passed": true}, "3": {"execution_time": 0.30379271507263184, "passed": true}, "4": {"execution_time": 0.23138976097106934, "passed": true}, "5": {"execution_time": 0.2279834747314453, "passed": true}, "6": {"execution_time": 0.23546862602233887, "passed": true}, "7": {"execution_time": 0.2403578758239746, "passed": true}, "8": {"execution_time": 0.25536561012268066, "passed": true}, "9": {"execution_time": 0.20509743690490723, "passed": true}, "10": {"execution_time": 0.21343016624450684, "passed": true}, "11": {"execution_time": 0.21642327308654785, "passed": true}, "12": {"execution_time": 0.20891523361206055, "passed": true}, "13": {"execution_time": 1.2693870067596436, "passed": true}, "14": {"execution_time": 0.21133899688720703, "passed": true}}}, "check_style_score": "0/1"}