{"version": "1", "message": "ERROR: Hidden Testcases server unreachable.", "problem_id": "ads2_m4_a1_1", "user_id": "shravyamutyapu", "score": {"sample": {"0": {"execution_time": 0.2809443473815918, "passed": true}, "1": {"execution_time": 0.29282641410827637, "passed": true}, "2": {"execution_time": 0.309572696685791, "passed": true}, "3": {"execution_time": 0.34267163276672363, "passed": true}, "4": {"execution_time": 0.2564048767089844, "passed": true}, "5": {"execution_time": 0.2848541736602783, "passed": true}, "6": {"execution_time": 0.2566041946411133, "passed": true}, "7": {"execution_time": 0.2602510452270508, "passed": true}, "8": {"execution_time": 0.2677581310272217, "passed": true}, "9": {"execution_time": 0.25277161598205566, "passed": true}, "10": {"execution_time": 0.23773646354675293, "passed": true}, "11": {"execution_time": 0.2380216121673584, "passed": true}, "12": {"execution_time": 0.24323606491088867, "passed": true}, "13": {"execution_time": 1.278618574142456, "passed": true}, "14": {"execution_time": 0.2541830539703369, "passed": true}}}, "check_style_score": "1/1"}