{"version": "1", "message": "ERROR: Hidden Testcases server unreachable.", "problem_id": "ads2_m4_a1_1", "user_id": "shravyamutyapu", "score": {"sample": {"0": {"execution_time": 0.2683241367340088, "passed": true}, "1": {"execution_time": 0.25102663040161133, "passed": true}, "2": {"execution_time": 0.39079976081848145, "passed": true}, "3": {"execution_time": 0.30019497871398926, "passed": true}, "4": {"execution_time": 0.2324981689453125, "passed": true}, "5": {"execution_time": 0.23458456993103027, "passed": true}, "6": {"execution_time": 0.22858738899230957, "passed": true}, "7": {"execution_time": 0.2295818328857422, "passed": true}, "8": {"execution_time": 0.24419355392456055, "passed": true}, "9": {"execution_time": 0.20622014999389648, "passed": true}, "10": {"execution_time": 0.19951367378234863, "passed": true}, "11": {"execution_time": 0.20576238632202148, "passed": true}, "12": {"execution_time": 0.20307636260986328, "passed": true}, "13": {"execution_time": 1.2301826477050781, "passed": true}, "14": {"execution_time": 0.20737624168395996, "passed": true}}}, "check_style_score": "0/1"}