{"version": "1", "message": "ERROR: Hidden Testcases server unreachable.", "problem_id": "ads2_m4_a1_1", "user_id": "shravyamutyapu", "score": {"sample": {"0": {"execution_time": 0.2533233165740967, "passed": true}, "1": {"execution_time": 0.2426433563232422, "passed": true}, "2": {"execution_time": 0.29462575912475586, "passed": true}, "3": {"execution_time": 0.3024172782897949, "passed": true}, "4": {"execution_time": 0.22983551025390625, "passed": true}, "5": {"execution_time": 0.2343747615814209, "passed": true}, "6": {"execution_time": 0.2490072250366211, "passed": true}, "7": {"execution_time": 0.23305320739746094, "passed": true}, "8": {"execution_time": 0.2500877380371094, "passed": true}, "9": {"execution_time": 0.21043848991394043, "passed": true}, "10": {"execution_time": 0.2072162628173828, "passed": true}, "11": {"execution_time": 0.21032094955444336, "passed": true}, "12": {"execution_time": 0.2234482765197754, "passed": true}, "13": {"execution_time": 1.2432670593261719, "passed": true}, "14": {"execution_time": 0.2076101303100586, "passed": true}}}, "check_style_score": "0/1"}