{"version": "1", "message": "ERROR: Hidden Testcases server unreachable.", "problem_id": "ads2_m4_a1_1", "user_id": "shravyamutyapu", "score": {"sample": {"0": {"execution_time": 0.24552011489868164, "passed": true}, "1": {"execution_time": 0.25008130073547363, "passed": true}, "2": {"execution_time": 0.27746105194091797, "passed": true}, "3": {"execution_time": 0.2912178039550781, "passed": true}, "4": {"execution_time": 0.2325282096862793, "passed": true}, "5": {"execution_time": 0.2257988452911377, "passed": true}, "6": {"execution_time": 0.22440004348754883, "passed": true}, "7": {"execution_time": 0.2218034267425537, "passed": true}, "8": {"execution_time": 0.24053311347961426, "passed": true}, "9": {"execution_time": 0.20644712448120117, "passed": true}, "10": {"execution_time": 0.2155900001525879, "passed": true}, "11": {"execution_time": 0.20164036750793457, "passed": true}, "12": {"execution_time": 0.2074568271636963, "passed": true}, "13": {"execution_time": 1.216273546218872, "passed": true}, "14": {"execution_time": 0.21689534187316895, "passed": true}}}, "check_style_score": "0/1"}