{"version": "1", "message": "ERROR: Hidden Testcases server unreachable.", "problem_id": "ads2_m4_a1_1", "user_id": "shravyamutyapu", "score": {"sample": {"0": {"execution_time": 0.2921476364135742, "passed": true}, "1": {"execution_time": 0.26253747940063477, "passed": true}, "2": {"execution_time": 0.28774333000183105, "passed": true}, "3": {"execution_time": 0.3036348819732666, "passed": true}, "4": {"execution_time": 0.23991632461547852, "passed": true}, "5": {"execution_time": 0.23436617851257324, "passed": true}, "6": {"execution_time": 0.2382509708404541, "passed": true}, "7": {"execution_time": 0.228196382522583, "passed": true}, "8": {"execution_time": 0.24399209022521973, "passed": true}, "9": {"execution_time": 0.20788025856018066, "passed": true}, "10": {"execution_time": 0.20915746688842773, "passed": true}, "11": {"execution_time": 0.20425653457641602, "passed": true}, "12": {"execution_time": 0.20984363555908203, "passed": true}, "13": {"execution_time": 1.1743972301483154, "passed": true}, "14": {"execution_time": 0.21990728378295898, "passed": true}}}, "check_style_score": "0/1"}