{"version": "1", "message": "ERROR: Hidden Testcases server unreachable.", "problem_id": "ads2_m4_a1_1", "user_id": "shravyamutyapu", "score": {"sample": {"0": {"execution_time": 0.26528167724609375, "passed": true}, "1": {"execution_time": 0.25165772438049316, "passed": true}, "2": {"execution_time": 0.29434633255004883, "passed": true}, "3": {"execution_time": 0.2972860336303711, "passed": true}, "4": {"execution_time": 0.2328801155090332, "passed": true}, "5": {"execution_time": 0.23047876358032227, "passed": true}, "6": {"execution_time": 0.22788786888122559, "passed": true}, "7": {"execution_time": 0.22654438018798828, "passed": true}, "8": {"execution_time": 0.24140477180480957, "passed": true}, "9": {"execution_time": 0.2006702423095703, "passed": true}, "10": {"execution_time": 0.31812191009521484, "passed": true}, "11": {"execution_time": 0.20579934120178223, "passed": true}, "12": {"execution_time": 0.20492911338806152, "passed": true}, "13": {"execution_time": 1.2994177341461182, "passed": true}, "14": {"execution_time": 0.20532822608947754, "passed": true}}}, "check_style_score": "0/1"}