{"version": "1", "message": "ERROR: Hidden Testcases server unreachable.", "problem_id": "ads2_m4_a1_1", "user_id": "shravyamutyapu", "score": {"sample": {"0": {"execution_time": 0.2102508544921875, "passed": false}, "1": {"execution_time": 0.18167567253112793, "passed": false}, "2": {"execution_time": 0.2183241844177246, "passed": false}, "3": {"execution_time": 0.25623083114624023, "passed": false}, "4": {"execution_time": 0.1961216926574707, "passed": false}, "5": {"execution_time": 0.26259660720825195, "passed": false}, "6": {"execution_time": 0.1852121353149414, "passed": false}, "7": {"execution_time": 0.23159265518188477, "passed": false}, "8": {"execution_time": 0.19556951522827148, "passed": false}, "9": {"execution_time": 0.24746012687683105, "passed": false}, "10": {"execution_time": 0.257580041885376, "passed": false}, "11": {"execution_time": 0.18491864204406738, "passed": false}, "12": {"execution_time": 0.2371211051940918, "passed": false}, "13": {"execution_time": 0.18520307540893555, "passed": false}, "14": {"execution_time": 0.20598697662353516, "passed": false}}}, "check_style_score": "0/1"}