{"version": "1", "message": "ERROR: Hidden Testcases server unreachable.", "problem_id": "ads2_m4_a1_1", "user_id": "shravyamutyapu", "score": {"sample": {"0": {"execution_time": 0.36608099937438965, "passed": true}, "1": {"execution_time": 0.28612756729125977, "passed": true}, "2": {"execution_time": 0.37766218185424805, "passed": true}, "3": {"execution_time": 0.3784518241882324, "passed": true}, "4": {"execution_time": 0.25858092308044434, "passed": true}, "5": {"execution_time": 0.26622557640075684, "passed": true}, "6": {"execution_time": 0.35837674140930176, "passed": true}, "7": {"execution_time": 0.29975414276123047, "passed": true}, "8": {"execution_time": 0.322833776473999, "passed": true}, "9": {"execution_time": 0.38829708099365234, "passed": true}, "10": {"execution_time": 0.2761693000793457, "passed": true}, "11": {"execution_time": 0.3683912754058838, "passed": true}, "12": {"execution_time": 0.26079392433166504, "passed": true}, "13": {"execution_time": 1.3450007438659668, "passed": true}, "14": {"execution_time": 0.2307586669921875, "passed": true}}}, "check_style_score": "1/1"}