{"version": "1", "message": "ERROR: Hidden Testcases server unreachable.", "problem_id": "ads2_m2_a1_1", "user_id": "shravyamutyapu", "score": {"sample": {"0": {"execution_time": 0.2155930995941162, "passed": true}, "1": {"execution_time": 0.1828000545501709, "passed": true}, "2": {"execution_time": 0.18382668495178223, "passed": true}, "3": {"execution_time": 0.2939486503601074, "passed": true}, "4": {"execution_time": 0.1864757537841797, "passed": true}, "5": {"execution_time": 0.23738956451416016, "passed": true}, "6": {"execution_time": 0.2573111057281494, "passed": true}, "7": {"execution_time": 0.18501853942871094, "passed": true}, "8": {"execution_time": 0.21642184257507324, "passed": true}, "9": {"execution_time": 0.18361353874206543, "passed": true}, "10": {"execution_time": 0.21143460273742676, "passed": true}, "11": {"execution_time": 0.22446632385253906, "passed": true}, "12": {"execution_time": 0.2183675765991211, "passed": true}, "13": {"execution_time": 0.21442627906799316, "passed": true}, "14": {"execution_time": 0.18088483810424805, "passed": true}, "15": {"execution_time": 0.1953718662261963, "passed": true}, "16": {"execution_time": 0.20181846618652344, "passed": true}, "17": {"execution_time": 0.22890615463256836, "passed": true}, "18": {"execution_time": 0.21807265281677246, "passed": true}, "19": {"execution_time": 0.23056650161743164, "passed": true}, "20": {"execution_time": 0.2380378246307373, "passed": true}, "21": {"execution_time": 0.17983675003051758, "passed": true}, "22": {"execution_time": 0.26354265213012695, "passed": true}, "23": {"execution_time": 0.2601187229156494, "passed": true}}}, "check_style_score": "1/1"}