{"version": "1", "message": "ERROR: Hidden Testcases server unreachable.", "problem_id": "ads2_m2_a1_1", "user_id": "shravyamutyapu", "score": {"sample": {"0": {"execution_time": 0.4821963310241699, "passed": true}, "1": {"execution_time": 0.1796433925628662, "passed": true}, "2": {"execution_time": 0.1780085563659668, "passed": true}, "3": {"execution_time": 0.18767690658569336, "passed": true}, "4": {"execution_time": 0.224273681640625, "passed": true}, "5": {"execution_time": 0.18102455139160156, "passed": true}, "6": {"execution_time": 0.17857742309570312, "passed": true}, "7": {"execution_time": 0.2733750343322754, "passed": true}, "8": {"execution_time": 0.18094253540039062, "passed": true}, "9": {"execution_time": 0.1896963119506836, "passed": true}, "10": {"execution_time": 0.1784365177154541, "passed": true}, "11": {"execution_time": 0.18499541282653809, "passed": true}, "12": {"execution_time": 0.17981934547424316, "passed": true}, "13": {"execution_time": 0.18468713760375977, "passed": true}, "14": {"execution_time": 0.26928186416625977, "passed": true}, "15": {"execution_time": 0.21886992454528809, "passed": true}, "16": {"execution_time": 0.22493433952331543, "passed": true}, "17": {"execution_time": 0.4687471389770508, "passed": true}, "18": {"execution_time": 0.31914734840393066, "passed": true}, "19": {"execution_time": 0.36862707138061523, "passed": true}, "20": {"execution_time": 0.4438133239746094, "passed": true}, "21": {"execution_time": 0.18849754333496094, "passed": true}, "22": {"execution_time": 0.270160436630249, "passed": true}, "23": {"execution_time": 0.29217004776000977, "passed": true}}}, "check_style_score": "0/1"}