{"version": "1", "message": "ERROR: Hidden Testcases server unreachable.", "problem_id": "ads2_m2_a1_1", "user_id": "shravyamutyapu", "score": {"sample": {"0": {"execution_time": 0.26202940940856934, "passed": true}, "1": {"execution_time": 0.35369253158569336, "passed": true}, "2": {"execution_time": 0.28221964836120605, "passed": true}, "3": {"execution_time": 0.36078357696533203, "passed": true}, "4": {"execution_time": 0.36126708984375, "passed": true}, "5": {"execution_time": 0.28023338317871094, "passed": true}, "6": {"execution_time": 0.31421804428100586, "passed": true}, "7": {"execution_time": 0.3461730480194092, "passed": true}, "8": {"execution_time": 0.22516417503356934, "passed": true}, "9": {"execution_time": 0.3699812889099121, "passed": true}, "10": {"execution_time": 0.3040504455566406, "passed": true}, "11": {"execution_time": 0.29796504974365234, "passed": true}, "12": {"execution_time": 0.27543091773986816, "passed": true}, "13": {"execution_time": 0.258455753326416, "passed": true}, "14": {"execution_time": 0.40631580352783203, "passed": true}, "15": {"execution_time": 0.4324986934661865, "passed": true}, "16": {"execution_time": 0.30532240867614746, "passed": true}, "17": {"execution_time": 0.3315269947052002, "passed": true}, "18": {"execution_time": 0.3181486129760742, "passed": true}, "19": {"execution_time": 0.320143461227417, "passed": true}, "20": {"execution_time": 0.4120447635650635, "passed": true}, "21": {"execution_time": 0.46433019638061523, "passed": true}, "22": {"execution_time": 0.46924424171447754, "passed": true}, "23": {"execution_time": 0.6213381290435791, "passed": true}}}, "check_style_score": "0/1"}