{"version": "1", "message": "ERROR: Hidden Testcases server unreachable.", "problem_id": "ads2_m2_a1_1", "user_id": "shravyamutyapu", "score": {"sample": {"0": {"execution_time": 0.23929071426391602, "passed": true}, "1": {"execution_time": 0.22182273864746094, "passed": true}, "2": {"execution_time": 0.2506279945373535, "passed": true}, "3": {"execution_time": 0.23117971420288086, "passed": true}, "4": {"execution_time": 0.2394275665283203, "passed": true}, "5": {"execution_time": 0.21443748474121094, "passed": true}, "6": {"execution_time": 0.24622416496276855, "passed": true}, "7": {"execution_time": 0.24404215812683105, "passed": true}, "8": {"execution_time": 0.22615337371826172, "passed": true}, "9": {"execution_time": 0.22595763206481934, "passed": true}, "10": {"execution_time": 0.23157572746276855, "passed": true}, "11": {"execution_time": 0.2318716049194336, "passed": true}, "12": {"execution_time": 0.23578619956970215, "passed": true}, "13": {"execution_time": 0.21780920028686523, "passed": true}, "14": {"execution_time": 0.2777998447418213, "passed": true}, "15": {"execution_time": 0.31017279624938965, "passed": true}, "16": {"execution_time": 0.2763395309448242, "passed": true}, "17": {"execution_time": 0.3567698001861572, "passed": true}, "18": {"execution_time": 0.2736661434173584, "passed": true}, "19": {"execution_time": 0.28909850120544434, "passed": true}, "20": {"execution_time": 0.30529308319091797, "passed": true}, "21": {"execution_time": 0.291595458984375, "passed": true}, "22": {"execution_time": 0.32881736755371094, "passed": true}, "23": {"execution_time": 0.3109557628631592, "passed": true}}}, "check_style_score": "0/1"}